genome_ID	NCBI_ID	OTU	novelty_category
GCF_001263855.1	1365964	1685	known_strain
GCF_002833265.1	216816	216816	known_strain
GCF_003468555.1	28026	28026	known_strain
GCF_004334435.1	1679	216816	known_strain
GCF_003932645.1	1496	1496	known_strain
GCF_005786645.1	1496	1496	known_strain
GCF_012030445.1	1496	1496	known_strain
GCF_900692355.1	1496	1496	known_strain
GCF_002271465.1	1402	1402	known_strain
GCF_002559865.1	1396	1396	known_strain
GCF_002561355.1	1396	1396	known_strain
GCF_004365735.1	1423	1423	known_strain
GCF_001894545.1	562	562	known_strain
GCF_002195535.1	562	562	known_strain
GCF_014169915.1	562	562	known_strain
GCF_017775775.1	562	562	known_strain
GCF_003989375.1	37637	37637	known_strain
GCF_008693105.1	28028	28028	known_strain
GCF_015830695.1	1806053	1717	known_strain
GCF_903986345.1	1717	1717	known_strain
GCF_000255375.1	1161914	2130	known_strain
GCF_002205535.1	134821	134821	known_strain
GCF_006716515.1	134821	134821	known_strain
GCF_006716625.1	2130	2130	known_strain
GCF_000173535.1	564419	813	known_strain
GCF_000441695.1	907268	813	known_strain
GCF_019405225.1	83559	83559	known_strain
GCF_900118675.1	83555	83555	known_strain
GCF_000006725.1	160492	2371	known_strain
GCF_009669375.1	644357	2371	known_strain
GCF_009669425.1	644357	2371	known_strain
GCF_900129695.1	2371	2371	known_strain
GCF_000256485.1	530557	29497	known_strain
GCF_002114205.1	666	666	known_strain
GCF_015686715.1	666	666	known_strain
GCF_016403045.1	670	670	known_strain
GCF_001035795.1	287	287	known_strain
GCF_004351325.1	287	287	known_strain
GCF_900144155.1	287	287	known_strain
GCF_900580845.1	33069	33069	known_strain
GCF_001144705.1	1313	1313	known_strain
GCF_001159305.1	1313	1313	known_strain
GCF_002962065.1	1307	1307	known_strain
GCF_009928295.1	1336	1336	known_strain
GCF_000298675.1	1169409	747	known_strain
GCF_001930895.1	747	747	known_strain
GCF_004327765.1	747	747	known_strain
GCF_018162435.1	747	747	known_strain
GCF_003841845.1	487	487	known_strain
GCF_003995735.1	487	487	known_strain
GCF_900025555.1	487	487	known_strain
GCF_900035465.1	487	487	known_strain
GCF_000236515.2	1091040	1363	known_strain
GCF_001984785.1	1360	1358	known_strain
GCF_005864305.1	1360	1358	known_strain
GCF_013395015.3	1360	1358	known_strain
GCF_000022005.1	565050	155892	known_strain
GCF_002310295.2	155892	155892	known_strain
GCF_002310375.3	155892	155892	known_strain
GCF_019356235.1	155892	155892	known_strain
GCF_000748325.1	1173469	28901	known_strain
GCF_002031705.1	340190	28901	known_strain
GCF_002047515.1	913074	28901	known_strain
GCF_019334925.1	363569	28901	known_strain
GCF_002197045.1	382	382	known_strain
GCF_004002265.1	110321	110321	known_strain
GCF_004004015.1	110321	110321	known_strain
GCF_013315775.1	1041157	382	known_strain
GCF_000576165.1	627343	542	known_strain
GCF_004168345.2	542	542	known_strain
GCF_006539365.1	120045	542	known_strain
GCF_007829055.1	542	542	known_strain
GCF_001700895.1	118101	9	known_strain
GCF_005080885.1	1241865	9	known_strain
GCF_005081185.1	1258543	9	known_strain
GCF_900698975.1	2518979	9	known_strain
GCF_000346085.2	1293500	2039	known_strain
GCF_000359145.2	1293896	2039	known_strain
GCF_000359365.1	1294037	2039	known_strain
GCF_000359405.1	1294039	2039	known_strain
GCF_000765945.1	111105	111105	known_strain
GCF_002753975.1	837	837	known_strain
GCF_018207015.1	28114	28114	known_strain
GCF_900476255.1	393921	393921	known_strain
GCF_001593985.1	1121305	179628	known_strain
GCF_011019995.1	1492	1492	known_strain
GCF_013407635.1	1520	1520	known_strain
GCF_017590765.1	1502	1502	known_strain
GCF_000578815.1	1417105	1280	known_strain
GCF_000815085.1	1280	1280	known_strain
GCF_015273135.1	1282	1282	known_strain
GCF_900040125.1	1280	1280	known_strain
GCF_000243655.2	1049941	29507	known_strain
GCF_001568215.1	173	173	known_strain
GCF_002009775.1	100053	100053	known_strain
GCF_015161835.1	280505	174	known_strain
GCF_000018745.1	360115	777	known_strain
GCF_002633905.1	777	777	known_strain
GCF_002634085.1	777	777	known_strain
GCF_003849875.1	777	777	known_strain
GCF_004126795.1	1352	1352	known_strain
GCF_005235345.1	1352	1352	known_strain
GCF_017641545.1	37734	37734	known_strain
GCF_902162065.1	37734	37734	known_strain
GCF_000760035.1	167548	1219	known_strain
GCF_001180245.1	1219	1219	known_strain
GCF_001180305.1	1219	1219	known_strain
GCF_017696205.1	2716478	1219	known_strain
GCF_000277205.1	1105096	782	known_strain
GCF_000277245.1	1105098	782	known_strain
GCF_000283915.1	1105107	788	known_strain
GCF_000965045.1	1359194	33990	known_strain
GCF_002253345.1	508451	508451	known_strain
GCF_008014735.1	1585	1584	known_strain
GCF_009901645.1	1587	1587	known_strain
GCF_015698245.1	1587	1587	known_strain
GCF_001761565.1	161	160	known_strain
GCF_015239375.1	161	160	known_strain
GCF_900497605.1	158	158	known_strain
GCF_903469575.1	168	160	known_strain
GCF_001711385.1	1639	1639	known_strain
GCF_002132885.1	1639	1639	known_strain
GCF_002526135.1	1639	1639	known_strain
GCF_013402355.1	1639	1639	known_strain
GCF_000008305.1	265311	2151	known_strain
GCF_002504385.1	2151	2151	known_strain
GCF_002999295.1	2151	2151	known_strain
GCF_002999355.1	2151	2151	known_strain
GCF_002572745.1	1734925	1747	known_strain
GCF_002578825.1	33010	33010	known_strain
GCF_003384465.1	1747	1747	known_strain
GCF_900102845.1	1747	1747	known_strain
GCF_016461845.1	86102	86102	known_strain
GCF_016461855.1	86102	86102	known_strain
GCF_016461885.1	86102	86102	known_strain
GCF_900116625.1	86102	86102	known_strain
GCF_001582485.1	446	446	known_strain
GCF_003004335.1	446	446	known_strain
GCF_900061945.1	446	446	known_strain
GCF_900187095.1	66969	66969	known_strain
GCF_000701425.1	1121380	249403	known_strain
GCF_003444775.1	317577	317577	known_strain
GCF_020546705.1	1408434	1299	known_strain
GCF_020546785.1	1408434	1299	known_strain
GCF_000171755.2	476211	139	known_strain
GCF_002997045.1	139	139	known_strain
GCF_002997245.1	139	139	known_strain
GCF_017911855.1	29519	29519	known_strain
GCF_009816115.1	263	263	known_strain
GCF_016601975.1	263	263	known_strain
GCF_016602005.1	263	263	known_strain
GCF_017089025.1	119857	263	known_strain
GCF_000025025.1	311424	61435	known_strain
GCF_000341695.1	1193806	61435	known_strain
GCF_001610775.1	61435	61435	known_strain
GCF_002007845.1	61435	61435	known_strain
GCF_001225385.1	197	197	known_strain
GCF_001496855.1	195	195	known_strain
GCF_007671025.1	195	195	known_strain
GCF_902460805.1	199	199	known_strain
GCF_001901665.1	305	305	known_strain
GCF_009668005.1	329	329	known_strain
GCF_014142195.1	329	329	known_strain
GCF_015910635.1	305	305	known_strain
GCF_900100815.1	916	916	known_strain
GCF_900106545.1	44574	44574	known_strain
GCF_900110385.1	42354	42354	known_strain
GCF_900116685.1	916	916	known_strain
GCF_000021345.1	395492	384	known_strain
GCF_004304085.1	384	384	known_strain
GCF_004306175.1	384	384	known_strain
GCF_004329995.1	387	384	known_strain
GCF_004768545.1	96344	96344	known_strain
GCF_009663685.1	106590	106590	known_strain
GCF_013004615.1	82541	82541	known_strain
GCF_013314895.1	82541	82541	known_strain
GCF_001090165.1	29484	29484	known_strain
GCF_001883765.1	29486	29486	known_strain
GCF_900079855.1	630	630	known_strain
GCF_902170535.1	28152	28152	known_strain
GCF_000380165.1	1123322	76728	known_strain
GCF_001642995.1	1716141	1716141	known_strain
GCF_001746425.1	36818	36818	known_strain
GCF_013375055.1	1969	1969	known_strain
GCF_002933515.1	37330	37330	known_strain
GCF_012396005.1	257274	257274	known_strain
GCF_015478485.1	37329	37329	known_strain
GCF_015478555.1	37329	37329	known_strain
GCF_000172175.1	471870	329854	known_strain
GCF_000599325.1	1339325	817	known_strain
GCF_009019235.1	820	820	known_strain
GCF_019129105.1	47678	47678	known_strain
GCF_000010045.1	138119	49338	known_strain
GCF_000243155.2	756499	36854	known_strain
GCF_001468785.1	49338	49338	known_strain
GCF_900143285.1	1121395	51616	known_strain
GCF_000353565.1	1300222	45462	known_strain
GCF_006540025.1	51101	51101	known_strain
GCF_015912885.1	1393	1393	known_strain
GCF_016904905.1	1465	1465	known_strain
GCF_000179495.1	768713	1260	known_strain
GCF_002243235.1	1260	1260	known_strain
GCF_002871675.1	1260	1260	known_strain
GCF_009678335.1	1260	1260	known_strain
GCF_000964605.1	1359186	784	known_strain
GCF_000964855.1	1359175	784	known_strain
GCF_001654785.2	1359185	784	known_strain
GCF_001654795.1	784	784	known_strain
GCF_001190985.1	72000	72000	known_strain
GCF_002879775.1	72000	72000	known_strain
GCF_017598955.1	72000	72000	known_strain
GCF_900576785.1	72000	72000	known_strain
GCF_001523185.1	1503054	1503054	known_strain
GCF_001979255.1	28450	28450	known_strain
GCF_001980315.1	28450	28450	known_strain
GCF_902499155.1	1503054	1503054	known_strain
GCF_002119825.1	69966	69966	known_strain
GCF_002834705.1	69966	69966	known_strain
GCF_002835305.1	69966	69966	known_strain
GCF_007673225.1	69966	69966	known_strain
GCF_000010625.1	449447	1126	known_strain
GCF_000312165.1	1160286	1126	known_strain
GCF_000312725.1	1160282	1126	known_strain
GCF_003206625.1	449534	1126	known_strain
GCF_000963965.1	146474	146474	known_strain
GCF_001499675.1	431306	431306	known_strain
GCF_002153545.1	104101	104101	known_strain
GCF_013307325.1	146476	146476	known_strain
GCF_001061655.1	43675	43675	known_strain
GCF_001476195.1	37923	37923	known_strain
GCF_002386365.1	43675	43675	known_strain
GCF_020176985.1	37923	37923	known_strain
GCF_000821065.1	545501	545501	known_strain
GCF_001485235.1	171693	171693	known_strain
GCF_900166635.1	1926285	1926285	known_strain
GCF_902377515.1	171693	171693	known_strain
GCF_000389755.1	1289594	29471	known_strain
GCF_003594975.1	554	554	known_strain
GCF_013449415.1	554	554	known_strain
GCF_014164815.1	555	554	known_strain
GCF_000583855.1	1288313	442	known_strain
GCF_001581045.1	442	442	known_strain
GCF_002723915.1	318683	318683	known_strain
GCF_006538885.1	1307950	586239	known_strain
GCF_000985635.1	668	668	known_strain
GCF_001640525.1	668	668	known_strain
GCF_009727525.1	668	668	known_strain
GCF_009727745.1	668	668	known_strain
GCF_000172495.1	517437	770	known_strain
GCF_000689635.2	1392507	948	known_strain
GCF_000689655.1	1392505	948	known_strain
GCF_900078505.1	948	948	known_strain
GCF_000192475.1	981384	981384	known_strain
GCF_013032005.1	81569	81569	known_strain
GCF_013032025.1	81569	81569	known_strain
GCF_013034745.1	55218	55218	known_strain
GCF_004353385.1	47466	47466	known_strain
GCF_009258445.1	47466	47466	known_strain
GCF_017748085.1	47466	47466	known_strain
GCF_019668925.1	47466	47466	known_strain
GCF_002990065.1	727	727	known_strain
GCF_003390455.1	729	729	known_strain
GCF_003414795.1	727	727	known_strain
GCF_003494485.1	726	726	known_strain
GCF_000012305.1	259536	334543	known_strain
GCF_001606025.1	261164	261164	known_strain
GCF_019926375.1	112002	112002	known_strain
GCF_900162825.1	1945521	1945521	known_strain
GCF_000050405.1	302409	779	known_strain
GCF_001686325.1	779	779	known_strain
GCF_013461265.1	779	779	known_strain
GCF_013461715.1	779	779	known_strain
GCF_006402415.1	34	34	known_strain
GCF_016698685.1	34	34	known_strain
GCF_018517205.1	1198133	34	known_strain
GCF_900111765.1	33	33	known_strain
GCF_004167065.1	823	823	known_strain
GCF_009719715.1	46503	46503	known_strain
GCF_012273055.1	823	823	known_strain
GCF_020091365.1	46503	46503	known_strain
GCF_000013345.1	106370	106370	known_strain
GCF_001017755.1	1562887	1562887	known_strain
GCF_001536285.1	795642	795642	known_strain
GCF_001636575.1	106370	106370	known_strain
GCF_000013365.1	316058	1076	known_strain
GCF_000020445.1	395960	1076	known_strain
GCF_001020905.1	1076	1076	known_strain
GCF_003547145.1	1076	1076	known_strain
GCF_000472825.1	1038869	312026	known_strain
GCF_003201635.1	416943	416943	known_strain
GCF_900109675.1	416943	416943	known_strain
GCF_900142845.1	60549	60549	known_strain
GCF_003315425.1	24	24	known_strain
GCF_007636415.1	38313	38313	known_strain
GCF_014702225.1	38313	38313	known_strain
GCF_019599125.1	24	24	known_strain
GCF_001559015.1	267128	267128	known_strain
GCF_001610995.1	33050	33050	known_strain
GCF_001956775.1	267128	267128	known_strain
GCF_900168005.1	1507287	1507287	known_strain
GCF_000761825.1	1428444	1247	known_strain
GCF_001868555.1	1247	1247	known_strain
GCF_001869375.1	1247	1247	known_strain
GCF_001869565.1	1247	1247	known_strain
GCF_006382035.1	33968	33968	known_strain
GCF_020089135.1	115778	1244	known_strain
GCF_020089205.1	115778	1244	known_strain
GCF_020089345.1	1607839	1244	known_strain
GCF_004022295.1	1254	1254	known_strain
GCF_009808085.1	1255	1255	known_strain
GCF_014651255.1	1254	1254	known_strain
GCF_015613745.1	1255	1255	known_strain
GCF_008119755.1	654	654	known_strain
GCF_009831085.1	648	648	known_strain
GCF_019971675.1	648	648	known_strain
GCF_902377445.1	654	654	known_strain
GCF_001499835.1	59813	59813	known_strain
GCF_015223265.1	1772	1772	known_strain
GCF_020227835.1	1766	1766	known_strain
GCF_900453465.1	1772	1772	known_strain
GCF_000516815.1	1402975	803	known_strain
GCF_000518185.1	1408425	56426	known_strain
GCF_001932235.1	38323	38323	known_strain
GCF_002891345.1	155194	155194	known_strain
GCF_001183915.1	1422	1422	known_strain
GCF_001587395.1	1422	1422	known_strain
GCF_002300135.1	1422	1422	known_strain
GCF_002810005.1	33940	33940	known_strain
GCF_000015885.1	416269	715	known_strain
GCF_000167095.1	228399	715	known_strain
GCF_001460855.1	754345	715	known_strain
GCF_900444975.1	715	715	known_strain
GCF_007002865.1	358	358	known_strain
GCF_009744055.1	373	373	known_strain
GCF_013318895.1	358	358	known_strain
GCF_014197995.1	358	358	known_strain
GCF_001595965.1	1743159	1743159	known_strain
GCF_001870335.1	576611	576611	known_strain
GCF_013307205.1	576611	576611	known_strain
GCF_018881935.1	1743168	1743168	known_strain
GCF_000378645.1	1169176	168697	known_strain
GCF_000384095.1	1050198	351187	known_strain
GCF_000384275.1	999546	168697	known_strain
GCF_000514775.1	1137260	351187	known_strain
GCF_900166995.1	31899	31899	known_strain
GCF_900168145.1	31899	31899	known_strain
GCF_900184125.1	31899	31899	known_strain
GCF_900184185.1	31899	31899	known_strain
GCF_016804145.1	96345	96345	known_strain
GCF_020566785.1	96345	96345	known_strain
GCF_900142685.1	946677	946677	known_strain
GCF_900186345.1	96345	96345	known_strain
GCF_002075555.1	28141	28141	known_strain
GCF_002107665.1	28141	28141	known_strain
GCF_002532525.1	28141	28141	known_strain
GCF_003207375.1	28141	28141	known_strain
GCF_001022155.1	546	546	known_strain
GCF_013724765.1	546	546	known_strain
GCF_014855715.1	546	546	known_strain
GCF_016503565.1	545	545	known_strain
GCF_000581435.1	1310599	470	known_strain
GCF_000760575.1	202956	202956	known_strain
GCF_002119275.1	470	470	known_strain
GCF_014560135.1	470	470	known_strain
GCF_000702765.1	1408416	264636	known_strain
GCF_001729645.1	2148	2148	known_strain
GCF_015709225.1	2148	2148	known_strain
GCF_900660755.1	264636	264636	known_strain
GCF_014201465.1	265948	265948	known_strain
GCF_014890135.1	33934	33934	known_strain
GCF_014890145.1	33934	33934	known_strain
GCF_014890455.1	33934	33934	known_strain
GCF_001653715.1	427683	427683	known_strain
GCF_001981325.1	31998	31998	known_strain
GCF_002221455.1	31998	31998	known_strain
GCF_900113485.1	582675	582675	known_strain
GCF_000019905.1	262543	332410	known_strain
GCF_000620845.1	1397696	273528	known_strain
GCF_000702585.1	1397694	33987	known_strain
GCF_001766415.1	33987	33987	known_strain
GCF_000083545.1	272630	408	known_strain
GCF_000243435.1	882800	408	known_strain
GCF_002355515.1	223967	223967	known_strain
GCF_007989205.1	408	408	known_strain
GCF_000808595.1	28108	28108	known_strain
GCF_001886455.1	314275	314275	known_strain
GCF_901457775.1	28108	28108	known_strain
GCF_901457835.1	28108	28108	known_strain
GCF_001069565.1	40324	40324	known_strain
GCF_001071815.1	40324	40324	known_strain
GCF_003935615.1	40324	40324	known_strain
GCF_900095765.1	216778	216778	known_strain
GCF_000214095.2	743299	160808	known_strain
GCF_001418795.1	920	920	known_strain
GCF_001685225.1	160808	160808	known_strain
GCF_018853575.1	33059	33059	known_strain
GCF_000264825.1	1027364	636	known_strain
GCF_000341505.1	667121	636	known_strain
GCF_003074875.2	636	636	known_strain
GCF_004802505.1	1436304	636	known_strain
GCF_000380365.1	1283331	354	known_strain
GCF_004327885.1	353	353	known_strain
GCF_005144545.1	353	353	known_strain
GCF_016406165.1	353	353	known_strain
GCF_000505785.1	1415160	1061	known_strain
GCF_001402715.1	1061	1061	known_strain
GCF_005144475.1	1061	1061	known_strain
GCF_014622665.1	1061	1061	known_strain
GCF_000731865.1	738	738	known_strain
GCF_009796375.1	738	738	known_strain
GCF_009796475.1	738	738	known_strain
GCF_009797475.1	738	738	known_strain
GCF_000316195.1	1289135	1287055	known_strain
GCF_001013155.1	159	159	known_strain
GCF_001013235.1	159	159	known_strain
GCF_007595645.1	159	159	known_strain
GCF_000332915.2	1167007	714	known_strain
GCF_001596235.1	1440769	714	known_strain
GCF_001596305.1	1440770	714	known_strain
GCF_003130245.1	714	714	known_strain
GCF_001061825.1	1270	1270	known_strain
GCF_002554275.1	1270	1270	known_strain
GCF_007665885.1	1270	1270	known_strain
GCF_019748725.1	1270	1270	known_strain
GCF_000173675.1	553177	1019	known_strain
GCF_000947275.1	28188	28188	known_strain
GCF_001057035.1	1018	1018	known_strain
GCF_900460915.1	1018	1018	known_strain
GCF_001652725.1	1826909	1826909	known_strain
GCF_014200605.1	188932	188932	known_strain
GCF_900111155.1	390241	390241	known_strain
GCF_900111825.1	332999	332999	known_strain
GCF_000023865.1	471857	1852	known_strain
GCF_000236985.1	1114959	40988	known_strain
GCF_000258175.1	882086	75294	known_strain
GCF_000787535.1	1852	1852	known_strain
GCF_000162955.1	634994	157688	known_strain
GCF_000373045.1	1122172	157691	known_strain
GCF_000428965.1	1122171	157688	known_strain
GCF_007990365.1	109328	109328	known_strain
GCF_003071385.1	1335309	1335309	known_strain
GCF_012641265.1	634771	634771	known_strain
GCF_900102545.1	104663	104663	known_strain
GCF_900119105.1	1004	1004	known_strain
GCF_000191725.1	879305	33034	known_strain
GCF_000321005.1	1033733	1288120	known_strain
GCF_002871895.1	33029	33029	known_strain
GCF_902375965.1	1720199	1720199	known_strain
GCF_003340125.1	84112	84112	known_strain
GCF_003340235.1	84112	84112	known_strain
GCF_015554835.1	84112	84112	known_strain
GCF_019131315.1	84112	84112	known_strain
GCF_000444055.1	1356854	1450	known_strain
GCF_001552675.1	1220572	192387	known_strain
GCF_001570745.1	1314748	1123961	known_strain
GCF_900107035.1	89784	89784	known_strain
GCF_001612575.1	1712031	1712031	known_strain
GCF_001655825.1	34105	34105	known_strain
GCF_001657875.1	34105	34105	known_strain
GCF_001675725.1	34105	34105	known_strain
GCF_000248035.1	1089454	2055	known_strain
GCF_000716975.1	2055	2055	known_strain
GCF_001305675.1	1136941	1136941	known_strain
GCF_009914495.1	36821	36821	known_strain
GCF_000179735.1	866776	39777	known_strain
GCF_003992065.1	1502943	1502943	known_strain
GCF_009710825.1	39778	39778	known_strain
GCF_009710845.1	39778	39778	known_strain
GCF_000178355.1	585528	2702	known_strain
GCF_003369875.1	2702	2702	known_strain
GCF_003397685.1	585528	2702	known_strain
GCF_013315045.1	2702	2702	known_strain
GCF_009668105.1	549	549	known_strain
GCF_017921215.1	553	553	known_strain
GCF_017921275.1	553	553	known_strain
GCF_019295205.1	574096	574096	known_strain
GCF_000957175.1	208224	208224	known_strain
GCF_001022355.1	208224	208224	known_strain
GCF_002278195.1	550	550	known_strain
GCF_016427975.1	550	550	known_strain
GCF_000613725.1	1236494	407975	known_strain
GCF_002355195.1	28131	28131	known_strain
GCF_009493935.1	165179	165179	known_strain
GCF_009495135.1	165179	165179	known_strain
GCF_012368375.1	552	552	known_strain
GCF_012980765.1	552	552	known_strain
GCF_014353715.1	1619313	1619313	known_strain
GCF_015650045.1	552	552	known_strain
GCF_000736695.1	1398204	40576	known_strain
GCF_000785665.1	628	628	known_strain
GCF_013450035.1	628	628	known_strain
GCF_900113945.1	351675	351675	known_strain
GCF_000194155.1	994479	60894	known_strain
GCF_000710755.1	28042	28042	known_strain
GCF_002846475.1	60894	60894	known_strain
GCF_016859185.1	1836	1836	known_strain
GCF_000069225.1	31964	28447	known_strain
GCF_002240555.1	31964	28447	known_strain
GCF_009796145.1	33013	28447	known_strain
GCF_018598325.1	28447	28447	known_strain
GCF_001319245.1	520	520	known_strain
GCF_001987075.1	520	520	known_strain
GCF_001988075.1	520	520	known_strain
GCF_009627575.1	35814	35814	known_strain
GCF_000723545.1	66712	1744	known_strain
GCF_001369035.1	1744	1744	known_strain
GCF_900087185.1	1744	1744	known_strain
GCF_900087375.1	1744	1744	known_strain
GCF_001575155.1	57704	57704	known_strain
GCF_900104775.1	57704	57704	known_strain
GCF_900460355.1	2061	2061	known_strain
GCF_900637875.1	57704	57704	known_strain
GCF_000193085.1	857571	480	known_strain
GCF_002014765.1	90241	90241	known_strain
GCF_003625805.1	480	480	known_strain
GCF_009378915.1	480	480	known_strain
GCF_006088775.1	28264	28264	known_strain
GCF_018913145.1	131112	131112	known_strain
GCF_018913765.1	131112	131112	known_strain
GCF_900105865.1	131112	131112	known_strain
GCF_000092865.1	446466	1711	known_strain
GCF_000312005.1	1095767	1465811	known_strain
GCF_020412445.1	76862	76862	known_strain
GCF_900046455.1	1689271	1689271	known_strain
GCF_000092985.1	446468	2014	known_strain
GCF_000341005.1	1246461	225762	known_strain
GCF_000341105.1	570268	1246458	known_strain
GCF_012396345.1	2014	2014	known_strain
GCF_001483945.1	1078773	80842	known_strain
GCF_001591225.1	1223495	80842	known_strain
GCF_003263475.1	80842	80842	known_strain
GCF_003263495.1	80842	80842	known_strain
GCF_000143765.1	525373	258	known_strain
GCF_007990895.1	1220576	1010	known_strain
GCF_014219055.1	1010	1010	known_strain
GCF_900168125.1	1513896	1513896	known_strain
GCF_014220185.1	253	253	known_strain
GCF_014220395.1	253	253	known_strain
GCF_900103755.1	1141221	1141221	known_strain
GCF_900129755.1	421058	421058	known_strain
GCF_000468755.1	1125712	138595	known_strain
GCF_001437585.1	633147	133926	known_strain
GCF_016900315.1	138595	138595	known_strain
GCF_901212655.1	133926	133926	known_strain
GCF_000988015.1	293	293	known_strain
GCF_002205555.1	293	293	known_strain
GCF_004421065.1	588932	588932	known_strain
GCF_900445995.1	293	293	known_strain
GCF_000423985.1	1280687	831	known_strain
GCF_000424465.1	877422	185008	known_strain
GCF_001858005.1	185008	185008	known_strain
GCF_900129945.1	1121131	831	known_strain
GCF_000146285.1	585198	2051	known_strain
GCF_012976665.1	2052	2052	known_strain
GCF_012976725.1	2052	2052	known_strain
GCF_012976885.1	2052	2052	known_strain
GCF_001546555.1	54005	54005	known_strain
GCF_016726485.1	54005	54005	known_strain
GCF_900176115.1	573058	1258	known_strain
GCF_902363585.1	54005	54005	known_strain
GCF_000463565.1	1406	1406	known_strain
GCF_004358835.1	1451	1451	known_strain
GCF_018403065.1	130049	130049	known_strain
GCF_900454495.1	44252	44252	known_strain
GCF_003012055.1	215200	215200	known_strain
GCF_014230005.1	215200	215200	known_strain
GCF_020558055.1	1261	1261	known_strain
GCF_900110295.1	215200	215200	known_strain
GCF_000632125.1	1219045	76947	known_strain
GCF_001757355.1	1592790	1592790	known_strain
GCF_003967075.1	135719	135719	known_strain
GCF_004305355.1	121428	121428	known_strain
GCF_001571125.1	1349749	299255	known_strain
GCF_019801265.1	44012	44012	known_strain
GCF_019801795.1	44012	44012	known_strain
GCF_019802085.1	44012	44012	known_strain
GCF_019392295.1	215743	215743	known_strain
GCF_019802205.1	1641875	1641875	known_strain
GCF_900109765.1	573024	573024	known_strain
GCF_900115165.1	1005928	1005928	known_strain
GCF_000153225.1	313594	531	known_strain
GCF_001680875.1	996801	996801	known_strain
GCF_001680885.1	1774273	1774273	known_strain
GCF_018861005.1	1774273	1774273	known_strain
GCF_001661495.1	182141	182141	known_strain
GCF_001696455.1	43657	43657	known_strain
GCF_003947165.1	43658	43658	known_strain
GCF_004214845.1	161398	161398	known_strain
GCF_000211495.1	1001530	553611	known_strain
GCF_003004605.1	85581	38293	known_strain
GCF_003026615.1	659	659	known_strain
GCF_009763125.1	38293	38293	known_strain
GCF_000455965.1	1307427	851	known_strain
GCF_019583395.1	851	851	known_strain
GCF_900095705.1	1852365	1852365	known_strain
GCF_900683735.1	469617	861	known_strain
GCF_000422145.1	1261126	75985	known_strain
GCF_001929645.1	75985	75985	known_strain
GCF_007974085.1	75985	75985	known_strain
GCF_007977825.1	75985	75985	known_strain
GCF_017303115.1	282683	282683	known_strain
GCF_017309175.1	344736	344736	known_strain
GCF_020171625.1	344736	344736	known_strain
GCF_900112435.1	1229727	1229727	known_strain
GCF_009680485.1	39490	39490	known_strain
GCF_018784655.1	39496	39496	known_strain
GCF_020559625.1	1736	1736	known_strain
GCF_900115385.1	155865	155865	known_strain
GCF_000765245.1	33035	33035	known_strain
GCF_001405215.1	40520	40520	known_strain
GCF_001405455.1	40520	40520	known_strain
GCF_013302195.1	40520	40520	known_strain
GCF_012843825.1	39486	39486	known_strain
GCF_013301275.1	88431	88431	known_strain
GCF_015558615.1	88431	88431	known_strain
GCF_020561685.1	39486	39486	known_strain
GCF_013302455.1	649756	649756	known_strain
GCF_015554695.1	649756	649756	known_strain
GCF_020560665.1	649756	649756	known_strain
GCF_020564205.1	105841	105841	known_strain
GCF_003467805.1	853	853	known_strain
GCF_009680105.1	853	853	known_strain
GCF_902497325.1	853	853	known_strain
GCF_902497435.1	853	853	known_strain
GCF_000154425.1	411474	33043	known_strain
GCF_013301475.1	410072	410072	known_strain
GCF_015558505.1	410072	410072	known_strain
GCF_018785055.1	33043	33043	known_strain
GCF_000154445.1	445973	261299	known_strain
GCF_005845095.1	261299	261299	known_strain
GCF_018917435.1	261299	261299	known_strain
GCF_900167285.1	445973	261299	known_strain
GCF_000265365.1	679935	214856	known_strain
GCF_015554845.1	1288121	1288121	known_strain
GCF_019132405.1	214856	214856	known_strain
GCF_902376165.1	1465754	1465754	known_strain
GCF_015560945.1	1547	1547	known_strain
GCF_016766855.1	1547	1547	known_strain
GCF_019131195.1	1547	1547	known_strain
GCF_020538465.1	1547	1547	known_strain
GCF_009911235.1	169435	169435	known_strain
GCF_010206195.1	169435	169435	known_strain
GCF_015551265.1	1720200	1720200	known_strain
GCF_015554285.1	169435	169435	known_strain
GCF_000473105.1	999548	221822	known_strain
GCF_002393525.1	60890	60890	known_strain
GCF_002412045.1	1580596	1580596	known_strain
GCF_003443555.1	221822	221822	known_strain
GCF_002265395.1	587	587	known_strain
GCF_010319105.1	587	587	known_strain
GCF_011683805.1	587	587	known_strain
GCF_020271745.1	126385	126385	known_strain
GCF_009876315.1	74426	74426	known_strain
GCF_015549175.1	74426	74426	known_strain
GCF_015557945.1	74426	74426	known_strain
GCF_015560135.1	74426	74426	known_strain
GCF_003458535.1	360807	360807	known_strain
GCF_003475515.1	166486	166486	known_strain
GCF_013300445.1	166486	166486	known_strain
GCF_015550045.1	301302	301302	known_strain
GCF_003464225.1	1735	1735	known_strain
GCF_003464345.1	1735	1735	known_strain
GCF_015547685.1	1735	1735	known_strain
GCF_019131495.1	1735	1735	known_strain
GCF_001648245.1	539	539	known_strain
GCF_009650825.1	539	539	known_strain
GCF_009650925.1	539	539	known_strain
GCF_009650945.1	539	539	known_strain
GCF_000429225.1	1120941	272548	known_strain
GCF_001937665.1	544580	544580	known_strain
GCF_001956485.1	1655	1655	known_strain
GCF_900637295.1	52774	52774	known_strain
GCF_000160095.1	566550	154046	known_strain
GCF_001405675.1	154046	154046	known_strain
GCF_003435045.1	154046	154046	known_strain
GCF_003468235.1	154046	154046	known_strain
GCF_000878205.1	137591	137591	known_strain
GCF_004766225.1	1583	1583	known_strain
GCF_012396435.1	46256	46256	known_strain
GCF_016466615.1	1583	1583	known_strain
GCF_000270085.1	650150	1648	known_strain
GCF_001602155.1	1648	1648	known_strain
GCF_003725505.1	1648	1648	known_strain
GCF_900637845.1	1648	1648	known_strain
GCF_000342205.1	1263833	615	known_strain
GCF_001538665.1	615	615	known_strain
GCF_001539965.1	615	615	known_strain
GCF_900518945.1	615	615	known_strain
GCF_001299175.1	85698	85698	known_strain
GCF_001299335.1	85698	85698	known_strain
GCF_001707485.1	85698	85698	known_strain
GCF_900009125.1	85698	85698	known_strain
GCF_000760755.1	1443896	1828	known_strain
GCF_000760895.1	1443891	1828	known_strain
GCF_002094305.1	43767	43767	known_strain
GCF_019834565.1	53972	53972	known_strain
GCF_000166415.1	656519	656519	known_strain
GCF_003201135.1	54121	54121	known_strain
GCF_004365235.1	43595	43595	known_strain
GCF_900156285.1	56779	56779	known_strain
GCF_000283495.2	1064535	907	known_strain
GCF_003006415.1	907	907	known_strain
GCF_020561705.1	1232428	1232428	known_strain
GCF_902388255.1	907	907	known_strain
GCF_000166195.2	714943	423351	known_strain
GCF_014200515.1	354630	354630	known_strain
GCF_017569325.1	551996	551996	known_strain
GCF_900105165.1	652787	652787	known_strain
GCF_004366575.1	1073327	1073327	known_strain
GCF_007997215.1	237018	237018	known_strain
GCF_019802145.1	264027	264027	known_strain
GCF_900129785.1	226505	226505	known_strain
GCF_000708045.1	1137280	1137280	known_strain
GCF_001574445.1	1306954	218670	known_strain
GCF_018424725.1	1420917	1420917	known_strain
GCF_019801645.1	262077	262077	known_strain
GCF_000429845.1	1121349	408558	known_strain
GCF_001541245.1	285	285	known_strain
GCF_900461225.1	285	285	known_strain
GCF_900461435.1	32013	32013	known_strain
GCF_016813735.1	83219	83219	known_strain
GCF_016814415.1	83219	83219	known_strain
GCF_016814645.1	1342299	1342299	known_strain
GCF_016814675.1	1342299	1342299	known_strain
GCF_006716905.1	80878	80878	known_strain
GCF_020510705.1	758826	758826	known_strain
GCF_900107605.1	592050	592050	known_strain
GCF_900112675.1	32040	32040	known_strain
GCF_002114155.1	1170769	77022	known_strain
GCF_002321945.1	2021698	77022	known_strain
GCF_002893205.1	2014881	77022	known_strain
GCF_002893245.1	2014880	77022	known_strain
GCF_000350085.1	1297569	489722	known_strain
GCF_000474725.1	682633	39645	known_strain
GCF_002295055.1	381	381	known_strain
GCF_900103325.1	1165689	1165689	known_strain
GCF_000571935.1	1341157	1265	known_strain
GCF_000621285.1	697329	1264	known_strain
GCF_003149325.1	1265	1265	known_strain
GCF_900116855.1	1265	1265	known_strain
GCF_001405075.1	154288	154288	known_strain
GCF_001406535.1	154288	154288	known_strain
GCF_013046825.1	154288	154288	known_strain
GCF_015555355.1	154288	154288	known_strain
GCF_000178395.2	634956	1426	known_strain
GCF_000648295.1	1223501	1426	known_strain
GCF_001655645.1	1426	1426	known_strain
GCF_014196025.1	81408	81408	known_strain
GCF_000807915.1	1703	1703	known_strain
GCF_016027415.1	33889	33889	known_strain
GCF_900683415.1	33889	33889	known_strain
GCF_902374775.1	1033736	1033736	known_strain
GCF_001273645.1	33995	33995	known_strain
GCF_002009295.1	265960	265960	known_strain
GCF_002762195.1	28448	28448	known_strain
GCF_009268135.1	1177712	1177712	known_strain
GCF_000184745.1	595537	34073	known_strain
GCF_001591345.1	1321609	436515	known_strain
GCF_001752345.1	436515	436515	known_strain
GCF_009498455.1	34073	34073	known_strain
GCF_001047075.2	157463	157463	known_strain
GCF_001047115.2	220714	220714	known_strain
GCF_012689235.1	709323	709323	known_strain
GCF_014489725.1	1631	1631	known_strain
GCF_000513955.1	935568	314722	known_strain
GCF_000519025.1	935567	314722	known_strain
GCF_000972865.1	314722	314722	known_strain
GCF_017939665.1	415229	415229	known_strain
GCF_000250875.1	762967	437898	known_strain
GCF_011320145.1	40545	40545	known_strain
GCF_011320495.1	40545	40545	known_strain
GCF_011320595.1	40545	40545	known_strain
GCF_003959095.1	37636	37636	known_strain
GCF_003959185.1	37636	37636	known_strain
GCF_003959285.1	37636	37636	known_strain
GCF_003959545.1	37636	37636	known_strain
GCF_000342445.1	1005941	1215089	known_strain
GCF_000821325.1	1499687	1499687	known_strain
GCF_001592825.1	192421	192421	known_strain
GCF_001687585.2	1215089	1215089	known_strain
GCF_000257145.1	1154769	28068	known_strain
GCF_011365715.1	316997	316997	known_strain
GCF_015751865.1	28068	28068	known_strain
GCF_016583785.1	28068	28068	known_strain
GCF_000190535.1	709991	28118	known_strain
GCF_015548015.1	626933	626933	known_strain
GCF_015553175.1	28118	28118	known_strain
GCF_900454195.1	28118	28118	known_strain
GCF_000445125.1	1096930	1329895	known_strain
GCF_001519075.1	1117702	1117702	known_strain
GCF_001590965.1	1219033	145287	known_strain
GCF_001598555.1	1219053	76978	known_strain
GCF_000214215.1	491952	936476	known_strain
GCF_000508165.1	1208321	1208321	known_strain
GCF_016461715.1	1792290	1792290	known_strain
GCF_900089755.1	295068	295068	known_strain
GCF_001543105.1	87541	87541	known_strain
GCF_001543175.1	1376	1376	known_strain
GCF_002861505.1	87541	87541	known_strain
GCF_003286585.1	1376	1376	known_strain
GCF_000619905.2	1266925	35799	known_strain
GCF_900103165.1	1231	1231	known_strain
GCF_900115325.1	35799	35799	known_strain
GCF_900116835.1	1231	1231	known_strain
GCF_000196475.1	291112	291112	known_strain
GCF_000931955.2	29488	29488	known_strain
GCF_002204205.1	29488	29488	known_strain
GCF_002969055.1	29488	29488	known_strain
GCF_000620785.1	1123023	551276	known_strain
GCF_900102195.1	366584	366584	known_strain
GCF_900115005.1	260086	260086	known_strain
GCF_900142365.1	1848	1848	known_strain
GCF_000282715.1	713604	33910	known_strain
GCF_000383915.1	1089544	346045	known_strain
GCF_000695625.1	287986	287986	known_strain
GCF_000717335.1	330084	330084	known_strain
GCF_007991155.1	44933	44933	known_strain
GCF_019903425.1	86177	86177	known_strain
GCF_900109725.1	650850	650850	known_strain
GCF_900142895.1	29571	29571	known_strain
GCF_000956405.1	82380	82380	known_strain
GCF_002899925.1	2033	2033	known_strain
GCF_015278355.1	671622	671622	known_strain
GCF_900108235.1	582680	582680	known_strain
GCF_000203895.1	318586	266	known_strain
GCF_000763905.1	376733	376733	known_strain
GCF_003633525.1	82367	82367	known_strain
GCF_900142875.1	53463	53463	known_strain
GCF_000205025.1	762966	487175	known_strain
GCF_009719385.1	487175	487175	known_strain
GCF_009719425.1	487175	487175	known_strain
GCF_009719495.1	487175	487175	known_strain
GCF_000771855.1	750	750	known_strain
GCF_000771955.1	750	750	known_strain
GCF_001678465.1	750	750	known_strain
GCF_001678555.1	505341	505341	known_strain
GCF_000376405.1	742767	163665	known_strain
GCF_001047035.1	1346286	1346286	known_strain
GCF_004405045.1	45254	45254	known_strain
GCF_900128985.1	1346286	1346286	known_strain
GCF_000970885.2	342002	342002	known_strain
GCF_002086515.1	342002	342002	known_strain
GCF_002101585.1	188915	188915	known_strain
GCF_002101955.1	1788	1788	known_strain
GCF_000214665.1	857087	421	known_strain
GCF_001644015.1	980561	980561	known_strain
GCF_001644025.1	702114	702114	known_strain
GCF_004343025.1	421	421	known_strain
GCF_000430665.1	1121007	279356	known_strain
GCF_001401755.1	1379258	1080221	known_strain
GCF_001632745.1	1642818	1642818	known_strain
GCF_900141785.1	570521	570521	known_strain
GCF_000220335.1	1027292	759851	known_strain
GCF_001590685.1	1476	1476	known_strain
GCF_002082015.1	1571	1571	known_strain
GCF_002109325.1	1571	1571	known_strain
GCF_000220505.1	1042377	260552	known_strain
GCF_001617625.1	252514	252514	known_strain
GCF_001750105.1	1769779	1769779	known_strain
GCF_900107725.1	658218	658218	known_strain
GCF_012850275.1	728	728	known_strain
GCF_012850655.1	728	728	known_strain
GCF_015354955.1	728	728	known_strain
GCF_020523945.1	728	728	known_strain
GCF_000246965.1	1123284	444463	known_strain
GCF_000497245.1	1395513	33018	known_strain
GCF_004014985.1	269673	269673	known_strain
GCF_004015165.1	269673	269673	known_strain
GCF_000226625.1	1008459	84590	known_strain
GCF_000764465.1	29575	29575	known_strain
GCF_002288025.1	29575	29575	known_strain
GCF_002288155.1	29575	29575	known_strain
GCF_001598415.1	1219048	40682	known_strain
GCF_003950655.1	93064	93064	known_strain
GCF_003950895.1	93064	93064	known_strain
GCF_003951425.1	93064	93064	known_strain
GCF_000230695.2	666685	666685	known_strain
GCF_006438715.1	582702	582702	known_strain
GCF_006438785.1	582702	582702	known_strain
GCF_008000795.1	582702	582702	known_strain
GCF_900131225.1	1962118	36809	known_strain
GCF_900131805.1	1185650	36809	known_strain
GCF_900135925.1	1185650	36809	known_strain
GCF_900137315.1	1185650	36809	known_strain
GCF_001547855.1	1307833	28112	known_strain
GCF_002529085.1	28112	28112	known_strain
GCF_003860025.1	28112	28112	known_strain
GCF_900096735.1	28112	28112	known_strain
GCF_004564395.1	2748	2748	known_strain
GCF_004564765.1	2748	2748	known_strain
GCF_004564935.1	2748	2748	known_strain
GCF_904820345.1	2751	2751	known_strain
GCF_001373495.1	199136	199136	known_strain
GCF_002189495.1	1665	1665	known_strain
GCF_900099975.1	1045773	1045773	known_strain
GCF_900105965.1	656366	656366	known_strain
GCF_000818805.2	569	569	known_strain
GCF_004309855.1	569	569	known_strain
GCF_004309925.1	569	569	known_strain
GCF_019344895.1	569	569	known_strain
GCF_015547415.1	292800	292800	known_strain
GCF_015547855.1	292800	292800	known_strain
GCF_020181555.1	292800	292800	known_strain
GCF_020537525.1	292800	292800	known_strain
GCF_000742435.1	955	955	known_strain
GCF_001752665.1	955	955	known_strain
GCF_002379145.2	955	955	known_strain
GCF_007971685.1	955	955	known_strain
GCF_003264065.1	29394	29394	known_strain
GCF_017655665.1	29394	29394	known_strain
GCF_017655705.1	29394	29394	known_strain
GCF_017655845.1	29394	29394	known_strain
GCF_000583045.1	1416753	106592	known_strain
GCF_001683495.1	106592	106592	known_strain
GCF_003269115.1	106592	106592	known_strain
GCF_017873015.1	106592	106592	known_strain
GCF_009864815.1	375	375	known_strain
GCF_018129985.1	375	375	known_strain
GCF_018129995.1	375	375	known_strain
GCF_018130795.1	375	375	known_strain
GCF_002876705.1	188144	188144	known_strain
GCF_005146345.1	188144	188144	known_strain
GCF_900167155.1	1121868	504469	known_strain
GCF_900537165.1	188144	188144	known_strain
GCF_000615975.1	1231185	204799	known_strain
GCF_001050155.1	1670619	1670619	known_strain
GCF_001696575.1	204799	204799	known_strain
GCF_017254985.1	204799	204799	known_strain
GCF_004001205.1	33970	33970	known_strain
GCF_004001225.1	33970	33970	known_strain
GCF_009731445.1	33970	33970	known_strain
GCF_014202715.1	33970	33970	known_strain
GCF_000770015.1	511	511	known_strain
GCF_001298815.1	511	511	known_strain
GCF_001530325.1	511	511	known_strain
GCF_002120045.1	511	511	known_strain
GCF_000381865.1	1202962	90736	known_strain
GCF_900120025.1	80854	80854	known_strain
GCF_900120035.1	80854	80854	known_strain
GCF_900120115.1	80854	80854	known_strain
GCF_002897495.1	1513897	51669	known_strain
GCF_002922865.1	1513897	51669	known_strain
GCF_016759865.1	51669	51669	known_strain
GCF_018327545.1	51669	51669	known_strain
GCF_000429625.1	1121033	34010	known_strain
GCF_005222205.1	192	192	known_strain
GCF_007827425.1	192	192	known_strain
GCF_008364955.1	193	193	known_strain
GCF_000307755.2	1239989	582	known_strain
GCF_018141465.1	582	582	known_strain
GCF_018474605.1	180434	582	known_strain
GCF_018474695.1	180434	582	known_strain
GCF_001310895.1	1236975	1482	known_strain
GCF_017874635.1	698769	698769	known_strain
GCF_018916875.1	84407	84407	known_strain
GCF_900162615.1	84407	84407	known_strain
GCF_000429105.1	1120946	121163	known_strain
GCF_002847545.1	131111	131111	known_strain
GCF_016127995.1	52773	52773	known_strain
GCF_019380255.1	131111	131111	known_strain
GCF_003850185.1	1238	1238	known_strain
GCF_009709035.1	1238	1238	known_strain
GCF_009709215.1	1238	1238	known_strain
GCF_012272975.1	1238	1238	known_strain
GCF_900089585.1	946078	946078	known_strain
GCF_900091585.1	145857	145857	known_strain
GCF_900143515.1	709881	709881	known_strain
GCF_900156065.1	1198245	1198245	known_strain
GCF_001570945.1	1216968	319054	known_strain
GCF_004025845.1	1210046	364298	known_strain
GCF_014876015.1	262209	262209	known_strain
GCF_014876075.1	262209	262209	known_strain
GCF_000819565.1	1208324	1208324	known_strain
GCF_002407265.1	1758178	1758178	known_strain
GCF_003254175.1	576117	576117	known_strain
GCF_018860305.1	576117	576117	known_strain
GCF_000300235.2	1123366	220697	known_strain
GCF_003326715.1	220697	220697	known_strain
GCF_003326775.1	220697	220697	known_strain
GCF_900217835.1	220697	220697	known_strain
GCF_000423445.1	1122998	1751	known_strain
GCF_000425285.1	1122997	1749	known_strain
GCF_004011055.1	1749	1749	known_strain
GCF_005890135.1	1749	1749	known_strain
GCF_000321105.1	1242247	1710	known_strain
GCF_006539945.1	1710	1710	known_strain
GCF_007994085.1	935838	1710	known_strain
GCF_018128265.1	1710	1710	known_strain
GCF_000712035.1	1123233	367840	known_strain
GCF_000819905.1	45670	45670	known_strain
GCF_002265785.1	45670	45670	known_strain
GCF_019891155.1	45670	45670	known_strain
GCF_000332115.1	592029	328515	known_strain
GCF_000732625.1	906888	906888	known_strain
GCF_000831385.1	1454201	930802	known_strain
GCF_002117125.1	331648	331648	known_strain
GCF_001634425.1	400946	400946	known_strain
GCF_018415765.1	400946	400946	known_strain
GCF_018415875.1	400946	400946	known_strain
GCF_018415905.1	400946	400946	known_strain
GCF_001442745.1	84531	84531	known_strain
GCF_017355525.1	69	69	known_strain
GCF_018732085.1	435897	435897	known_strain
GCF_900167055.1	1122188	435289	known_strain
GCF_003226875.1	164514	164514	known_strain
GCF_014251735.1	1653831	1653831	known_strain
GCF_014252355.1	1653831	1653831	known_strain
GCF_014252515.1	1653831	1653831	known_strain
GCF_001475745.1	465820	465820	known_strain
GCF_009363215.3	138532	2035	known_strain
GCF_018350285.1	138532	2035	known_strain
GCF_018598405.1	138532	2035	known_strain
GCF_002023305.1	238	238	known_strain
GCF_014219235.1	238	238	known_strain
GCF_014219285.1	238	238	known_strain
GCF_014219345.1	238	238	known_strain
GCF_016028735.1	90244	90244	known_strain
GCF_900454255.1	90245	90245	known_strain
GCF_900454325.1	90245	90245	known_strain
GCF_900454345.1	90245	90245	known_strain
GCF_000374305.1	561175	1120938	known_strain
GCF_000518265.1	1399798	111804	known_strain
GCF_001552195.1	1220563	163603	known_strain
GCF_001552635.1	1220559	68565	known_strain
GCF_000420505.1	1120979	419015	known_strain
GCF_001053655.1	419015	419015	known_strain
GCF_001546145.1	419015	419015	known_strain
GCF_002861485.1	419015	419015	known_strain
GCF_003437885.1	544645	544645	known_strain
GCF_003471965.1	544645	544645	known_strain
GCF_020557925.1	544644	544644	known_strain
GCF_902364335.1	544645	544645	known_strain
GCF_000379905.1	1122936	758	known_strain
GCF_000730685.1	758	758	known_strain
GCF_002000505.1	758	758	known_strain
GCF_004795305.1	758	758	known_strain
GCF_008705155.1	247	247	known_strain
GCF_009834475.1	247	247	known_strain
GCF_019308355.1	343874	343874	known_strain
GCF_900447295.1	343874	343874	known_strain
GCF_000382705.1	1121028	401562	known_strain
GCF_014196405.1	1166078	1166078	known_strain
GCF_014196415.1	1166078	1166078	known_strain
GCF_900113065.1	1166078	1166078	known_strain
GCF_002093895.1	703	703	known_strain
GCF_009183405.1	703	703	known_strain
GCF_009183535.1	703	703	known_strain
GCF_009183595.1	703	703	known_strain
GCF_001623495.1	1421	1421	known_strain
GCF_015335665.1	1421	1421	known_strain
GCF_015845545.1	1421	1421	known_strain
GCF_015845635.1	1421	1421	known_strain
GCF_000565175.1	1276246	216935	known_strain
GCF_001267155.1	216942	216942	known_strain
GCF_001281045.1	362837	362837	known_strain
GCF_001513715.1	216946	216946	known_strain
GCF_000757825.1	158822	158822	known_strain
GCF_000758305.1	158822	158822	known_strain
GCF_016756775.1	158484	158484	known_strain
GCF_018906695.1	158484	158484	known_strain
GCF_000960475.2	1844	1844	known_strain
GCF_001552535.1	1303683	1843	known_strain
GCF_007992415.1	1005945	1005945	known_strain
GCF_900112345.1	574651	574651	known_strain
GCF_001465855.1	145458	145458	known_strain
GCF_002933095.1	145458	145458	known_strain
GCF_014770185.1	145458	145458	known_strain
GCF_018801185.1	145458	145458	known_strain
GCF_017584525.1	1863	1863	known_strain
GCF_017584605.1	1863	1863	known_strain
GCF_017584785.1	1863	1863	known_strain
GCF_017585005.1	1863	1863	known_strain
GCF_000430545.1	1123347	104270	known_strain
GCF_001693415.1	447689	447689	known_strain
GCF_018616315.1	669041	669041	known_strain
GCF_902705305.1	107401	107401	known_strain
GCF_000430625.1	1121002	278991	known_strain
GCF_001282925.1	47500	47500	known_strain
GCF_900099925.1	143495	143495	known_strain
GCF_902375125.1	1391	1391	known_strain
GCF_001372335.1	1505	1505	known_strain
GCF_001372695.1	1505	1505	known_strain
GCF_001372795.1	1505	1505	known_strain
GCF_009753765.1	1505	1505	known_strain
GCF_006782905.1	1490	1490	known_strain
GCF_015551995.1	1490	1490	known_strain
GCF_018917045.1	1490	1490	known_strain
GCF_019916025.1	1490	1490	known_strain
GCF_003726015.1	1121021	446660	known_strain
GCF_009874275.1	446660	446660	known_strain
GCF_016865385.1	394340	446660	known_strain
GCF_020558135.1	446660	446660	known_strain
GCF_001636275.1	93220	93220	known_strain
GCF_001931675.1	445709	445709	known_strain
GCF_003937845.1	93218	93218	known_strain
GCF_003944575.1	93218	93218	known_strain
GCF_000513715.1	1308978	1510206	known_strain
GCF_000565325.1	868280	1510206	known_strain
GCF_001995845.1	1908198	1908198	known_strain
GCF_011765565.1	51367	51367	known_strain
GCF_001548075.1	35806	35806	known_strain
GCF_010119435.1	35806	35806	known_strain
GCF_016653205.1	35806	35806	known_strain
GCF_016757055.1	35806	35806	known_strain
GCF_000525915.1	1265861	2757	known_strain
GCF_001703535.1	2756	2756	known_strain
GCF_001715645.1	2756	2756	known_strain
GCF_900332055.1	2756	2756	known_strain
GCF_003076295.1	1661	1661	known_strain
GCF_003971445.1	1661	1661	known_strain
GCF_004123715.1	1661	1661	known_strain
GCF_900460345.1	1661	1661	known_strain
GCF_001690345.1	1196095	1196095	known_strain
GCF_001690755.1	1970738	1970738	known_strain
GCF_002141975.1	1970738	1970738	known_strain
GCF_002142035.1	1970738	1970738	known_strain
GCF_002088465.1	1196083	1196083	known_strain
GCF_002088635.1	1196083	1196083	known_strain
GCF_002777875.1	1196083	1196083	known_strain
GCF_002777925.1	1196083	1196083	known_strain
GCF_000744105.1	1392498	444515	known_strain
GCF_001020565.1	1197874	1197874	known_strain
GCF_900112245.1	440514	440514	known_strain
GCF_900142175.1	228958	228958	known_strain
GCF_000632025.1	29581	29581	known_strain
GCF_001758635.1	29581	29581	known_strain
GCF_013372045.1	29581	29581	known_strain
GCF_018138675.1	29581	29581	known_strain
GCF_001544475.1	326474	326474	known_strain
GCF_001544495.1	326475	326475	known_strain
GCF_001544555.2	1232866	1232866	known_strain
GCF_001935975.1	196367	196367	known_strain
GCF_009649915.1	61648	61648	known_strain
GCF_009765145.1	580	580	known_strain
GCF_900452265.1	51288	51288	known_strain
GCF_900452275.1	580	580	known_strain
GCF_001515505.1	911008	83655	known_strain
GCF_008807335.1	83655	83655	known_strain
GCF_009848435.1	83655	83655	known_strain
GCF_014489435.1	83655	83655	known_strain
GCF_000969445.1	429727	429727	known_strain
GCF_000970455.1	361041	361041	known_strain
GCF_000971295.1	1293439	1293439	known_strain
GCF_001650025.1	1770058	1770058	known_strain
GCF_001038235.1	61647	61647	known_strain
GCF_001598855.1	1354260	61647	known_strain
GCF_002161945.1	61647	61647	known_strain
GCF_003019925.1	61647	61647	known_strain
GCF_000764165.1	1001240	1001240	known_strain
GCF_004402405.1	995038	995038	known_strain
GCF_900101115.1	386301	386301	known_strain
GCF_900103805.1	1424659	1424659	known_strain
GCF_003096335.1	1297617	1297617	known_strain
GCF_015668595.1	1297617	1297617	known_strain
GCF_016901775.1	1297617	1297617	known_strain
GCF_900626285.1	1673721	1673721	known_strain
GCF_002019545.1	2340	2340	known_strain
GCF_002020285.1	2340	2340	known_strain
GCF_002020635.1	2340	2340	known_strain
GCF_002021195.1	2340	2340	known_strain
GCF_002211155.1	561184	561184	known_strain
GCF_002211215.1	561184	561184	known_strain
GCF_019800965.1	561184	561184	known_strain
GCF_019800995.1	561184	561184	known_strain
GCF_000949455.1	1550024	1550024	known_strain
GCF_009718005.1	1550024	1550024	known_strain
GCF_016937335.1	1550024	1550024	known_strain
GCF_016937385.1	1550024	1550024	known_strain
GCF_013300965.1	290055	290055	known_strain
GCF_013301165.1	290055	290055	known_strain
GCF_013301175.1	290055	290055	known_strain
GCF_013301225.1	290055	290055	known_strain
GCF_001514515.1	1219085	61646	known_strain
GCF_004331765.1	61646	61646	known_strain
GCF_016770935.1	61646	61646	known_strain
GCF_016771075.1	61646	61646	known_strain
GCF_001611975.1	1549855	1549855	known_strain
GCF_012102735.1	1549855	1549855	known_strain
GCF_012102795.1	1549855	1549855	known_strain
GCF_012102805.1	1549855	1549855	known_strain
GCF_002201515.1	1796646	1796646	known_strain
GCF_003024855.1	1796646	1796646	known_strain
GCF_910573945.1	1796646	1796646	known_strain
GCF_910576605.1	1796646	1796646	known_strain
GCF_004795235.1	731	731	known_strain
GCF_008085735.1	731	731	known_strain
GCF_008085775.1	731	731	known_strain
GCF_016415085.1	731	731	known_strain
GCF_003269595.1	1172565	1172565	known_strain
GCF_003269855.1	1172565	1172565	known_strain
GCF_003730035.1	1172565	1172565	known_strain
GCF_003730055.1	1172565	1172565	known_strain
GCF_016819635.1	505252	505252	known_strain
GCF_016819715.1	505252	505252	known_strain
GCF_016819975.1	505252	505252	known_strain
GCF_900129875.1	996342	996342	known_strain
GCF_900067235.1	640938	640938	known_strain
GCF_900109135.1	640938	640938	known_strain
GCF_900113645.1	82803	82803	known_strain
GCF_900129415.1	82803	82803	known_strain
